종목코드,종목
5930,삼성전자
660,SK하이닉스
207940,삼성바이오로직스
35420,NAVER
68270,셀트리온
51910,LG화학
51900,LG생활건강
5380,현대차
28260,삼성물산
6400,삼성SDI
17670,SK텔레콤
35720,카카오
12330,현대모비스
5490,POSCO
15760,한국전력
55550,신한지주
36570,엔씨소프트
105560,KB금융
34730,SK
18260,삼성에스디에스
270,기아차
33780,KT&G
3550,LG
90430,아모레퍼시픽
32830,삼성생명
810,삼성화재
96770,SK이노베이션
66570,LG전자
9150,삼성전기
86790,하나금융지주
251270,넷마블
10950,S-Oil
11170,롯데케미칼
10130,고려아연
30200,KT
316140,우리금융지주
32640,LG유플러스
9540,한국조선해양
35250,강원랜드
271560,오리온
18880,한온시스템
2790,아모레G
24110,기업은행
21240,코웨이
97950,CJ제일제당
34220,LG디스플레이
4990,롯데지주
720,현대건설
267250,현대중공업지주
86280,현대글로비스
6800,미래에셋대우
78930,GS
139480,이마트
120,CJ대한통운
29780,삼성카드
12750,에스원
11070,LG이노텍
8770,호텔신라
5830,DB손해보험
100,유한양행
210,대림산업
128940,한미약품
23530,롯데쇼핑
7070,GS리테일
282330,BGF리테일
71050,한국금융지주
4020,현대제철
161390,한국타이어앤테크놀로지
4170,신세계
10140,삼성중공업
3410,쌍용양회
5940,NH투자증권
16360,삼성증권
47810,한국항공우주
36460,한국가스공사
1040,CJ
1450,현대해상
11780,금호석유
9830,한화솔루션
241560,두산밥캣
80,하이트진로
28050,삼성엔지니어링
81660,휠라홀딩스
6360,GS건설
30000,제일기획
7310,오뚜기
8560,메리츠증권
3490,대한항공
11790,SKC
8930,한미사이언스
4370,농심
20150,일진머티리얼즈
28670,팬오션
42660,대우조선해양
69960,현대백화점
3000,부광약품
6280,녹십자
26960,동서
9240,한샘
47050,포스코인터내셔널
17800,현대엘리베이
138930,BNK금융지주
31430,신세계인터내셔날
64350,현대로템
88350,한화생명
4800,효성
2380,KCC
880,한화
47040,대우건설
51600,한전KPS
12450,한화에어로스페이스
1740,SK네트웍스
69620,대웅제약
9420,한올바이오파마
111770,영원무역
6260,LS
214320,이노션
10120,LS ELECTRIC
294870,HDC현대산업개발
990,DB하이텍
10620,현대미포조선
204320,만도
185750,종근당
114090,GKL
34020,두산중공업
5250,녹십자홀딩스
161890,한국콜마
4000,롯데정밀화학
670,영풍
6650,대한유화
10060,OCI
14680,한솔케미칼
285130,SK케미칼
240,한국테크놀로지그룹
3520,영진약품
192820,코스맥스
73240,금호타이어
42670,두산인프라코어
11210,현대위아
1800,오리온홀딩스
5300,롯데칠성
57050,현대홈쇼핑
3240,태광산업
120110,코오롱인더
5440,현대그린푸드
1680,대상
49770,동원F&B
10780,아이에스동서
18250,애경산업
170900,동아에스티
69260,휴켐스
150,두산
52690,한전기술
8060,대덕전자
5850,에스엘
192400,쿠쿠홀딩스
7570,일양약품
5180,빙그레
93370,후성
5610,SPC삼립
1060,JW중외제약
103140,풍산
20000,한섬
115390,락앤락
3850,보령제약
79550,LIG넥스원
79160,CJ CGV
71840,롯데하이마트
14820,동원시스템즈
2350,넥센타이어
12630,HDC
6390,한일현대시멘트
640,동아쏘시오홀딩스
64960,S&T모티브
1120,LG상사
105630,한세실업
6120,SK디스커버리
108670,LG하우시스
27410,BGF
2270,롯데푸드
70,삼양홀딩스
19680,대교
145990,삼양사
4490,세방전지
1230,동국제강
25860,남해화학
93050,LF
14830,유니드
6840,AK홀딩스
2960,한국쉘석유
96760,JW홀딩스
1430,세아베스틸
60980,한라홀딩스
1520,동양
25540,한국단자
2240,고려제강
79430,현대리바트
3620,쌍용차
3920,남양유업
298040,효성중공업
